ID,intention
0,28
1,31
2,28
3,44
4,31
5,44
6,48
7,28
8,22
9,23
10,31
11,42
12,28
13,32
14,28
15,44
16,26
17,0
18,28
19,48
20,34
21,14
22,7
23,28
24,37
25,44
26,23
27,42
28,4
29,42
30,44
31,31
32,28
33,28
34,11
35,24
36,28
37,31
38,11
39,31
40,32
41,48
42,22
43,48
44,0
45,24
46,14
47,4
48,31
49,22
50,23
51,48
52,23
53,31
54,40
55,23
56,46
57,4
58,48
59,30
60,28
61,37
62,42
63,23
64,8
65,38
66,23
67,28
68,42
69,28
70,28
71,44
72,28
73,28
74,28
75,46
76,28
77,32
78,13
79,11
80,0
81,32
82,0
83,21
84,14
85,28
86,32
87,15
88,44
89,31
90,27
91,5
92,22
93,32
94,28
95,34
96,28
97,28
98,31
99,34
100,28
101,28
102,42
103,28
104,42
105,34
106,44
107,0
108,28
109,28
110,48
111,11
112,33
113,13
114,6
115,0
116,38
117,8
118,28
119,44
120,25
121,28
122,31
123,31
124,44
125,48
126,23
127,0
128,22
129,13
130,14
131,48
132,28
133,14
134,5
135,31
136,22
137,1
138,28
139,37
140,0
141,28
142,26
143,22
144,24
145,28
146,22
147,31
148,44
149,31
150,5
151,15
152,50
153,4
154,26
155,14
156,21
157,28
158,34
159,28
160,28
161,22
162,43
163,32
164,28
165,22
166,22
167,33
168,22
169,44
170,32
171,14
172,42
173,28
174,44
175,27
176,28
177,26
178,22
179,1
180,37
181,28
182,44
183,45
184,32
185,43
186,28
187,38
188,28
189,22
190,8
191,26
192,34
193,28
194,28
195,48
196,22
197,0
198,14
199,45
200,24
201,28
202,0
203,5
204,42
205,8
206,13
207,28
208,39
209,28
210,43
211,50
212,28
213,31
214,15
215,28
216,48
217,29
218,28
219,34
220,28
221,4
222,0
223,19
224,32
225,28
226,31
227,44
228,34
229,5
230,28
231,32
232,28
233,28
234,38
235,28
236,37
237,11
238,45
239,28
240,28
241,37
242,13
243,12
244,47
245,48
246,22
247,48
248,33
249,20
250,28
251,31
252,31
253,44
254,28
255,28
256,4
257,28
258,32
259,45
260,28
261,24
262,31
263,44
264,28
265,22
266,39
267,34
268,31
269,42
270,32
271,0
272,31
273,48
274,29
275,34
276,28
277,22
278,42
279,22
280,28
281,34
282,8
283,44
284,33
285,11
286,31
287,44
288,24
289,50
290,31
291,44
292,28
293,44
294,19
295,9
296,32
297,27
298,48
299,21
300,8
301,28
302,44
303,42
304,28
305,28
306,11
307,5
308,32
309,28
310,22
311,10
312,47
313,28
314,11
315,5
316,28
317,44
318,27
319,34
320,13
321,31
322,44
323,44
324,34
325,48
326,37
327,44
328,28
329,11
330,27
331,34
332,5
333,14
334,33
335,34
336,28
337,37
338,29
339,28
340,41
341,28
342,14
343,28
344,44
345,22
346,48
347,34
348,28
349,14
350,31
351,47
352,10
353,47
354,32
355,5
356,28
357,28
358,28
359,49
360,48
361,28
362,31
363,34
364,45
365,28
366,13
367,14
368,48
369,33
370,14
371,42
372,34
373,23
374,28
375,47
376,29
377,28
378,28
379,28
380,27
381,33
382,44
383,43
384,4
385,44
386,39
387,48
388,28
389,48
390,34
391,1
392,30
393,22
394,34
395,27
396,22
397,28
398,23
399,34
400,28
401,47
402,27
403,28
404,0
405,48
406,8
407,28
408,28
409,44
410,14
411,38
412,21
413,27
414,44
415,44
416,26
417,34
418,22
419,10
420,34
421,4
422,48
423,34
424,42
425,48
426,28
427,22
428,42
429,27
430,28
431,28
432,28
433,28
434,22
435,43
436,29
437,28
438,14
439,50
440,14
441,31
442,31
443,28
444,48
445,18
446,34
447,28
448,28
449,28
450,11
451,28
452,48
453,31
454,48
455,13
456,14
457,46
458,31
459,11
460,14
461,41
462,22
463,28
464,28
465,28
466,34
467,17
468,28
469,48
470,0
471,44
472,18
473,14
474,21
475,44
476,43
477,14
478,28
479,44
480,22
481,44
482,21
483,23
484,46
485,48
486,48
487,28
488,28
489,28
490,42
491,22
492,31
493,28
494,9
495,31
496,42
497,44
498,28
499,44
500,26
501,48
502,28
503,26
504,32
505,28
506,11
507,28
508,21
509,23
510,31
511,34
512,34
513,5
514,44
515,21
516,28
517,28
518,42
519,44
520,28
521,22
522,32
523,22
524,34
525,32
526,11
527,49
528,31
529,32
530,28
531,31
532,0
533,25
534,42
535,28
536,28
537,32
538,28
539,28
540,43
541,21
542,39
543,48
544,42
545,32
546,28
547,28
548,31
549,32
550,28
551,9
552,28
553,28
554,33
555,14
556,22
557,48
558,34
559,42
560,24
561,37
562,22
563,38
564,31
565,34
566,28
567,31
568,32
569,0
570,22
571,27
572,10
573,28
574,31
575,28
576,28
577,34
578,28
579,42
580,20
581,22
582,48
583,28
584,28
585,31
586,34
587,28
588,28
589,14
590,28
591,19
592,48
593,48
594,14
595,8
596,11
597,28
598,21
599,45
600,21
601,13
602,28
603,28
604,45
605,28
606,48
607,41
608,31
609,47
610,28
611,38
612,28
613,47
614,48
615,29
616,23
617,48
618,28
619,44
620,37
621,28
622,6
623,21
624,44
625,24
626,28
627,24
628,11
629,21
630,22
631,28
632,34
633,5
634,32
635,31
636,50
637,43
638,28
639,28
640,2
641,43
642,48
643,14
644,28
645,34
646,24
647,34
648,38
649,32
650,14
651,38
652,28
653,24
654,28
655,31
656,31
657,34
658,28
659,28
660,21
661,39
662,44
663,28
664,34
665,32
666,48
667,22
668,31
669,29
670,42
671,28
672,28
673,32
674,14
675,28
676,42
677,28
678,28
679,31
680,23
681,13
682,32
683,21
684,31
685,28
686,44
687,21
688,25
689,28
690,31
691,28
692,11
693,29
694,17
695,32
696,38
697,28
698,34
699,44
700,44
701,11
702,21
703,46
704,32
705,32
706,31
707,23
708,33
709,48
710,28
711,34
712,43
713,28
714,10
715,21
716,36
717,44
718,49
719,31
720,28
721,28
722,47
723,22
724,18
725,31
726,17
727,27
728,22
729,22
730,9
731,34
732,23
733,31
734,34
735,43
736,14
737,42
738,6
739,28
740,33
741,28
742,28
743,28
744,28
745,44
746,28
747,28
748,22
749,21
750,44
751,9
752,44
753,48
754,31
755,26
756,26
757,10
758,28
759,31
760,44
761,31
762,48
763,22
764,28
765,31
766,31
767,23
768,31
769,44
770,26
771,28
772,28
773,29
774,14
775,29
776,4
777,14
778,23
779,21
780,26
781,8
782,42
783,48
784,42
785,28
786,27
787,31
788,14
789,42
790,28
791,31
792,8
793,22
794,28
795,24
796,28
797,31
798,28
799,28
800,28
801,50
802,4
803,18
804,38
805,14
806,31
807,48
808,28
809,22
810,14
811,34
812,44
813,5
814,0
815,28
816,44
817,31
818,12
819,28
820,23
821,23
822,44
823,31
824,42
825,28
826,28
827,28
828,28
829,28
830,9
831,28
832,48
833,24
834,44
835,22
836,43
837,23
838,11
839,23
840,28
841,14
842,10
843,31
844,48
845,1
846,13
847,29
848,45
849,28
850,34
851,22
852,44
853,26
854,10
855,31
856,10
857,22
858,28
859,28
860,28
861,28
862,14
863,48
864,44
865,5
866,28
867,13
868,43
869,28
870,28
871,28
872,24
873,0
874,48
875,31
876,28
877,48
878,47
879,9
880,28
881,44
882,28
883,44
884,43
885,0
886,17
887,28
888,42
889,28
890,20
891,44
892,31
893,34
894,34
895,28
896,15
897,6
898,49
899,16
900,48
901,22
902,43
903,28
904,48
905,33
906,30
907,34
908,28
909,28
910,28
911,42
912,47
913,23
914,37
915,28
916,28
917,28
918,18
919,29
920,22
921,45
922,5
923,31
924,33
925,42
926,44
927,28
928,12
929,32
930,28
931,0
932,28
933,42
934,27
935,48
936,28
937,44
938,28
939,48
940,42
941,38
942,31
943,27
944,28
945,38
946,22
947,28
948,28
949,12
950,28
951,34
952,28
953,31
954,22
955,42
956,22
957,48
958,31
959,14
960,28
961,28
962,21
963,28
964,23
965,33
966,28
967,22
968,32
969,37
970,44
971,31
972,42
973,32
974,34
975,0
976,28
977,42
978,44
979,28
980,48
981,39
982,44
983,14
984,10
985,0
986,42
987,44
988,27
989,41
990,28
991,23
992,44
993,21
994,34
995,10
996,44
997,22
998,22
999,44
1000,36
1001,17
1002,28
1003,46
1004,37
1005,31
1006,42
1007,42
1008,28
1009,31
1010,44
1011,31
1012,28
1013,28
1014,28
1015,13
1016,32
1017,32
1018,22
1019,2
1020,47
1021,47
1022,32
1023,34
1024,23
1025,31
1026,26
1027,14
1028,44
1029,44
1030,28
1031,41
1032,22
1033,12
1034,14
1035,26
1036,22
1037,32
1038,28
1039,14
1040,47
1041,44
1042,26
1043,22
1044,31
1045,28
1046,0
1047,46
1048,34
1049,14
1050,24
1051,41
1052,43
1053,14
1054,4
1055,28
1056,28
1057,44
1058,44
1059,12
1060,44
1061,26
1062,12
1063,44
1064,14
1065,48
1066,28
1067,14
1068,28
1069,31
1070,42
1071,0
1072,44
1073,28
1074,12
1075,28
1076,29
1077,21
1078,37
1079,11
1080,42
1081,28
1082,4
1083,28
1084,28
1085,15
1086,34
1087,44
1088,11
1089,28
1090,22
1091,46
1092,48
1093,28
1094,26
1095,34
1096,48
1097,31
1098,44
1099,31
1100,34
1101,28
1102,23
1103,28
1104,31
1105,31
1106,44
1107,14
1108,10
1109,28
1110,12
1111,37
1112,44
1113,31
1114,31
1115,28
1116,28
1117,22
1118,42
1119,28
1120,28
1121,34
1122,31
1123,44
1124,0
1125,38
1126,48
1127,27
1128,22
1129,5
1130,28
1131,28
1132,32
1133,22
1134,33
1135,48
1136,28
1137,5
1138,48
1139,21
1140,5
1141,22
1142,44
1143,48
1144,27
1145,14
1146,32
1147,12
1148,11
1149,14
1150,44
1151,31
1152,42
1153,22
1154,30
1155,28
1156,48
1157,0
1158,33
1159,48
1160,27
1161,0
1162,31
1163,31
1164,38
1165,42
1166,37
1167,48
1168,36
1169,33
1170,11
1171,28
1172,32
1173,5
1174,28
1175,42
1176,28
1177,4
1178,44
1179,15
1180,38
1181,28
1182,11
1183,28
1184,28
1185,48
1186,4
1187,28
1188,28
1189,28
1190,14
1191,28
1192,28
1193,10
1194,14
1195,42
1196,9
1197,42
1198,28
1199,44
1200,48
1201,44
1202,31
1203,11
1204,28
1205,44
1206,23
1207,28
1208,9
1209,20
1210,28
1211,31
1212,5
1213,28
1214,22
1215,32
1216,33
1217,34
1218,32
1219,43
1220,44
1221,31
1222,28
1223,32
1224,34
1225,32
1226,28
1227,50
1228,42
1229,31
1230,34
1231,16
1232,32
1233,33
1234,32
1235,31
1236,28
1237,22
1238,38
1239,28
1240,28
1241,16
1242,0
1243,21
1244,14
1245,4
1246,31
1247,14
1248,31
1249,0
1250,32
1251,5
1252,22
1253,5
1254,22
1255,22
1256,28
1257,45
1258,30
1259,2
1260,22
1261,0
1262,14
1263,11
1264,0
1265,34
1266,2
1267,44
1268,48
1269,14
1270,21
1271,28
1272,13
1273,34
1274,34
1275,31
1276,28
1277,9
1278,31
1279,28
1280,2
1281,14
1282,27
1283,31
1284,12
1285,27
1286,44
1287,44
1288,43
1289,42
1290,44
1291,42
1292,47
1293,28
1294,48
1295,4
1296,28
1297,28
1298,22
1299,28
1300,28
1301,37
1302,28
1303,44
1304,28
1305,21
1306,7
1307,28
1308,23
1309,28
1310,31
1311,31
1312,44
1313,28
1314,28
1315,28
1316,28
1317,40
1318,28
1319,18
1320,22
1321,22
1322,28
1323,28
1324,0
1325,47
1326,34
1327,14
1328,28
1329,28
1330,31
1331,8
1332,13
1333,28
1334,44
1335,28
1336,28
1337,28
1338,28
1339,14
1340,42
1341,48
1342,21
1343,28
1344,44
1345,31
1346,34
1347,22
1348,30
1349,28
1350,13
1351,21
1352,34
1353,28
1354,31
1355,34
1356,31
1357,28
1358,10
1359,29
1360,31
1361,28
1362,14
1363,0
1364,27
1365,21
1366,12
1367,30
1368,28
1369,28
1370,28
1371,31
1372,39
1373,32
1374,28
1375,22
1376,28
1377,48
1378,32
1379,42
1380,31
1381,21
1382,32
1383,41
1384,31
1385,8
1386,33
1387,22
1388,42
1389,48
1390,33
1391,4
1392,23
1393,47
1394,44
1395,0
1396,0
1397,28
1398,44
1399,11
1400,33
1401,5
1402,5
1403,41
1404,44
1405,21
1406,42
1407,31
1408,21
1409,21
1410,32
1411,21
1412,48
1413,22
1414,28
1415,28
1416,23
1417,44
1418,22
1419,0
1420,31
1421,28
1422,0
1423,28
1424,0
1425,23
1426,28
1427,25
1428,28
1429,11
1430,14
1431,38
1432,24
1433,13
1434,28
1435,28
1436,48
1437,34
1438,44
1439,28
1440,34
1441,26
1442,22
1443,14
1444,0
1445,39
1446,31
1447,28
1448,11
1449,31
1450,0
1451,43
1452,31
1453,22
1454,17
1455,23
1456,29
1457,31
1458,34
1459,13
1460,50
1461,28
1462,14
1463,28
1464,24
1465,48
1466,5
1467,44
1468,8
1469,13
1470,28
1471,28
1472,21
1473,5
1474,44
1475,28
1476,31
1477,44
1478,30
1479,31
1480,48
1481,28
1482,28
1483,44
1484,23
1485,28
1486,34
1487,28
1488,44
1489,44
1490,45
1491,28
1492,44
1493,14
1494,32
1495,28
1496,28
1497,31
1498,28
1499,28
1500,31
1501,21
1502,28
1503,28
1504,31
1505,34
1506,48
1507,44
1508,12
1509,42
1510,11
1511,28
1512,29
1513,28
1514,28
1515,28
1516,5
1517,45
1518,42
1519,35
1520,48
1521,28
1522,0
1523,21
1524,23
1525,31
1526,8
1527,31
1528,28
1529,31
1530,35
1531,31
1532,34
1533,28
1534,31
1535,38
1536,15
1537,22
1538,42
1539,26
1540,28
1541,27
1542,28
1543,28
1544,28
1545,28
1546,28
1547,12
1548,27
1549,28
1550,28
1551,24
1552,8
1553,48
1554,16
1555,32
1556,28
1557,44
1558,13
1559,28
1560,31
1561,37
1562,13
1563,32
1564,34
1565,21
1566,22
1567,31
1568,28
1569,28
1570,12
1571,23
1572,0
1573,48
1574,34
1575,50
1576,22
1577,45
1578,23
1579,28
1580,28
1581,44
1582,28
1583,22
1584,31
1585,11
1586,28
1587,13
1588,8
1589,34
1590,44
1591,31
1592,22
1593,10
1594,28
1595,34
1596,13
1597,28
1598,0
1599,16
1600,14
1601,14
1602,46
1603,31
1604,28
1605,14
1606,28
1607,33
1608,44
1609,34
1610,28
1611,44
1612,43
1613,47
1614,28
1615,6
1616,23
1617,42
1618,28
1619,28
1620,28
1621,42
1622,5
1623,28
1624,48
1625,28
1626,31
1627,31
1628,48
1629,12
1630,26
1631,44
1632,28
1633,44
1634,44
1635,31
1636,31
1637,28
1638,31
1639,31
1640,8
1641,12
1642,42
1643,0
1644,27
1645,32
1646,28
1647,28
1648,28
1649,28
1650,28
1651,14
1652,28
1653,28
1654,34
1655,32
1656,11
1657,34
1658,22
1659,42
1660,44
1661,28
1662,14
1663,28
1664,43
1665,34
1666,5
1667,28
1668,27
1669,28
1670,31
1671,22
1672,28
1673,11
1674,28
1675,31
1676,38
1677,4
1678,21
1679,49
1680,44
1681,29
1682,34
1683,31
1684,44
1685,13
1686,28
1687,44
1688,23
1689,34
1690,4
1691,28
1692,5
1693,42
1694,28
1695,12
1696,28
1697,42
1698,44
1699,14
1700,31
1701,48
1702,8
1703,42
1704,42
1705,0
1706,28
1707,31
1708,28
1709,50
1710,28
1711,13
1712,43
1713,0
1714,42
1715,28
1716,28
1717,48
1718,46
1719,22
1720,16
1721,32
1722,42
1723,12
1724,22
1725,28
1726,43
1727,28
1728,14
1729,31
1730,28
1731,48
1732,7
1733,43
1734,28
1735,22
1736,31
1737,0
1738,14
1739,33
1740,34
1741,31
1742,32
1743,31
1744,24
1745,30
1746,11
1747,0
1748,21
1749,44
1750,42
1751,12
1752,33
1753,28
1754,43
1755,14
1756,13
1757,44
1758,22
1759,28
1760,14
1761,22
1762,30
1763,33
1764,28
1765,5
1766,31
1767,48
1768,34
1769,4
1770,48
1771,42
1772,34
1773,29
1774,44
1775,11
1776,28
1777,22
1778,26
1779,28
1780,28
1781,28
1782,8
1783,38
1784,44
1785,28
1786,38
1787,0
1788,0
1789,43
1790,28
1791,14
1792,32
1793,43
1794,0
1795,23
1796,37
1797,47
1798,14
1799,22
1800,19
1801,14
1802,45
1803,29
1804,36
1805,0
1806,22
1807,48
1808,34
1809,28
1810,42
1811,47
1812,36
1813,28
1814,34
1815,22
1816,21
1817,34
1818,23
1819,31
1820,22
1821,44
1822,28
1823,28
1824,18
1825,22
1826,29
1827,28
1828,28
1829,32
1830,42
1831,33
1832,30
1833,14
1834,44
1835,13
1836,31
1837,23
1838,23
1839,28
1840,13
1841,8
1842,28
1843,46
1844,37
1845,34
1846,11
1847,28
1848,22
1849,13
1850,26
1851,33
1852,12
1853,42
1854,28
1855,28
1856,31
1857,34
1858,5
1859,42
1860,28
1861,28
1862,42
1863,42
1864,33
1865,28
1866,28
1867,31
1868,42
1869,31
1870,0
1871,31
1872,34
1873,14
1874,31
1875,44
1876,33
1877,34
1878,5
1879,28
1880,48
1881,28
1882,1
1883,4
1884,14
1885,39
1886,28
1887,14
1888,44
1889,28
1890,30
1891,44
1892,28
1893,32
1894,32
1895,45
1896,28
1897,42
1898,13
1899,28
1900,31
1901,23
1902,31
1903,32
1904,14
1905,31
1906,43
1907,44
1908,8
1909,27
1910,18
1911,42
1912,28
1913,21
1914,33
1915,27
1916,44
1917,48
1918,28
1919,31
1920,22
1921,42
1922,0
1923,28
1924,37
1925,48
1926,31
1927,23
1928,28
1929,43
1930,12
1931,22
1932,22
1933,28
1934,23
1935,44
1936,26
1937,25
1938,28
1939,11
1940,14
1941,44
1942,28
1943,44
1944,14
1945,48
1946,6
1947,48
1948,28
1949,21
1950,28
1951,34
1952,23
1953,44
1954,32
1955,21
1956,26
1957,11
1958,34
1959,44
1960,31
1961,34
1962,37
1963,11
1964,28
1965,24
1966,11
1967,9
1968,14
1969,33
1970,22
1971,44
1972,44
1973,8
1974,28
1975,31
1976,32
1977,48
1978,31
1979,28
1980,28
1981,28
1982,1
1983,11
1984,31
1985,44
1986,31
1987,22
1988,14
1989,28
1990,22
1991,31
1992,24
1993,22
1994,44
1995,32
1996,28
1997,8
1998,28
1999,17
2000,34
2001,28
2002,22
2003,42
2004,28
2005,4
2006,11
2007,27
2008,44
2009,1
2010,33
2011,21
2012,6
2013,28
2014,32
2015,14
2016,31
2017,29
2018,28
2019,19
2020,31
2021,38
2022,42
2023,14
2024,8
2025,28
2026,48
2027,22
2028,0
2029,48
2030,31
2031,42
2032,48
2033,4
2034,28
2035,28
2036,37
2037,48
2038,39
2039,28
2040,39
2041,28
2042,34
2043,22
2044,34
2045,36
2046,22
2047,28
2048,12
2049,28
2050,4
2051,27
2052,28
2053,48
2054,48
2055,42
2056,44
2057,48
2058,10
2059,31
2060,28
2061,34
2062,36
2063,23
2064,22
2065,23
2066,19
2067,14
2068,28
2069,44
2070,42
2071,31
2072,22
2073,28
2074,11
2075,46
2076,28
2077,22
2078,10
2079,0
2080,32
2081,28
2082,28
2083,37
2084,48
2085,0
2086,34
2087,44
2088,0
2089,14
2090,13
2091,32
2092,44
2093,42
2094,31
2095,7
2096,27
2097,28
2098,28
2099,28
2100,34
2101,32
2102,14
2103,28
2104,28
2105,20
2106,14
2107,28
2108,22
2109,35
2110,28
2111,33
2112,31
2113,12
2114,42
2115,28
2116,17
2117,28
2118,28
2119,28
2120,44
2121,14
2122,22
2123,31
2124,27
2125,28
2126,44
2127,28
2128,20
2129,14
2130,29
2131,32
2132,28
2133,31
2134,28
2135,11
2136,8
2137,50
2138,4
2139,44
2140,44
2141,31
2142,29
2143,48
2144,44
2145,14
2146,34
2147,34
2148,9
2149,48
2150,32
2151,32
2152,37
2153,48
2154,32
2155,10
2156,44
2157,32
2158,34
2159,22
2160,28
2161,31
2162,32
2163,42
2164,31
2165,48
2166,31
2167,32
2168,27
2169,29
2170,21
2171,14
2172,22
2173,38
2174,32
2175,28
2176,22
2177,28
2178,22
2179,7
2180,31
2181,13
2182,28
2183,8
2184,28
2185,34
2186,42
2187,32
2188,44
2189,34
2190,13
2191,14
2192,9
2193,28
2194,37
2195,25
2196,14
2197,28
2198,30
2199,28
2200,44
2201,28
2202,22
2203,34
2204,11
2205,19
2206,22
2207,8
2208,12
2209,18
2210,28
2211,22
2212,20
2213,28
2214,28
2215,21
2216,44
2217,31
2218,30
2219,28
2220,48
2221,34
2222,32
2223,31
2224,48
2225,28
2226,44
2227,28
2228,33
2229,23
2230,28
2231,48
2232,21
2233,28
2234,39
2235,26
2236,12
2237,46
2238,34
2239,31
2240,30
2241,28
2242,28
2243,23
2244,28
2245,38
2246,13
2247,28
2248,14
2249,28
2250,22
2251,37
2252,44
2253,34
2254,44
2255,23
2256,28
2257,14
2258,28
2259,22
2260,48
2261,48
2262,28
2263,41
2264,37
2265,28
2266,43
2267,34
2268,28
2269,32
2270,48
2271,31
2272,11
2273,34
2274,0
2275,28
2276,37
2277,3
2278,28
2279,31
2280,25
2281,28
2282,28
2283,38
2284,34
2285,48
2286,21
2287,47
2288,31
2289,5
2290,22
2291,35
2292,0
2293,48
2294,28
2295,28
2296,38
2297,19
2298,32
2299,48
2300,21
2301,28
2302,28
2303,11
2304,0
2305,39
2306,31
2307,28
2308,28
2309,38
2310,28
2311,28
2312,28
2313,41
2314,31
2315,21
2316,31
2317,42
2318,42
2319,32
2320,8
2321,28
2322,35
2323,5
2324,42
2325,2
2326,21
2327,41
2328,8
2329,28
2330,33
2331,12
2332,4
2333,15
2334,10
2335,23
2336,28
2337,28
2338,23
2339,26
2340,14
2341,44
2342,31
2343,34
2344,23
2345,12
2346,23
2347,22
2348,33
2349,13
2350,27
2351,31
2352,28
2353,21
2354,32
2355,28
2356,34
2357,28
2358,28
2359,28
2360,28
2361,31
2362,42
2363,5
2364,28
2365,48
2366,48
2367,47
2368,42
2369,28
2370,32
2371,42
2372,34
2373,22
2374,33
2375,42
2376,22
2377,48
2378,28
2379,34
2380,42
2381,28
2382,22
2383,31
2384,28
2385,0
2386,28
2387,27
2388,31
2389,42
2390,28
2391,28
2392,34
2393,28
2394,50
2395,28
2396,22
2397,13
2398,28
2399,44
2400,0
2401,31
2402,35
2403,44
2404,28
2405,28
2406,28
2407,37
2408,43
2409,33
2410,28
2411,28
2412,31
2413,42
2414,30
2415,5
2416,23
2417,32
2418,13
2419,27
2420,21
2421,28
2422,23
2423,31
2424,0
2425,28
2426,28
2427,31
2428,28
2429,42
2430,29
2431,22
2432,47
2433,35
2434,24
2435,32
2436,21
2437,34
2438,33
2439,28
2440,41
2441,48
2442,28
2443,28
2444,28
2445,28
2446,22
2447,34
2448,13
2449,32
2450,28
2451,28
2452,37
2453,27
2454,44
2455,28
2456,28
2457,26
2458,28
2459,28
2460,5
2461,28
2462,44
2463,44
2464,47
2465,44
2466,34
2467,14
2468,27
2469,22
2470,28
2471,42
2472,32
2473,11
2474,48
2475,14
2476,28
2477,11
2478,44
2479,48
2480,44
2481,28
2482,28
2483,37
2484,24
2485,22
2486,28
2487,23
2488,50
2489,5
2490,21
2491,22
2492,48
2493,28
2494,46
2495,44
2496,34
2497,44
2498,11
2499,44
2500,9
2501,28
2502,28
2503,44
2504,28
2505,28
2506,28
2507,23
2508,32
2509,39
2510,42
2511,8
2512,39
2513,28
2514,28
2515,42
2516,31
2517,48
2518,28
2519,28
2520,28
2521,28
2522,10
2523,28
2524,17
2525,14
2526,47
2527,28
2528,30
2529,32
2530,44
2531,28
2532,5
2533,12
2534,37
2535,8
2536,14
2537,42
2538,22
2539,42
2540,0
2541,33
2542,30
2543,5
2544,13
2545,28
2546,0
2547,28
2548,28
2549,32
2550,31
2551,44
2552,31
2553,8
2554,44
2555,34
2556,22
2557,45
2558,14
2559,13
2560,34
2561,38
2562,34
2563,27
2564,14
2565,6
2566,24
2567,19
2568,44
2569,0
2570,28
2571,28
2572,14
2573,28
2574,48
2575,10
2576,48
2577,39
2578,44
2579,0
2580,21
2581,31
2582,42
2583,28
2584,21
2585,41
2586,23
2587,28
2588,14
2589,21
2590,48
2591,14
2592,44
2593,32
2594,44
2595,38
2596,42
2597,28
2598,46
2599,21
2600,13
2601,44
2602,28
2603,41
2604,37
2605,22
2606,34
2607,4
2608,22
2609,28
2610,42
2611,31
2612,49
2613,44
2614,34
2615,23
2616,42
2617,48
2618,23
2619,14
2620,33
2621,28
2622,12
2623,24
2624,28
2625,14
2626,38
2627,48
2628,0
2629,3
2630,32
2631,32
2632,0
2633,32
2634,34
2635,28
2636,31
2637,28
2638,23
2639,21
2640,25
2641,28
2642,27
2643,28
2644,28
2645,14
2646,34
2647,37
2648,44
2649,44
2650,34
2651,34
2652,28
2653,39
2654,14
2655,26
2656,21
2657,11
2658,28
2659,30
2660,31
2661,10
2662,31
2663,28
2664,48
2665,0
2666,32
2667,44
2668,24
2669,0
2670,23
2671,28
2672,48
2673,31
2674,6
2675,28
2676,28
2677,42
2678,4
2679,37
2680,31
2681,8
2682,35
2683,22
2684,32
2685,48
2686,12
2687,31
2688,28
2689,0
2690,23
2691,50
2692,31
2693,23
2694,5
2695,32
2696,8
2697,42
2698,22
2699,28
2700,28
2701,12
2702,4
2703,28
2704,28
2705,44
2706,26
2707,28
2708,28
2709,34
2710,22
2711,9
2712,13
2713,48
2714,48
2715,17
2716,14
2717,14
2718,14
2719,28
2720,32
2721,34
2722,28
2723,44
2724,26
2725,24
2726,48
2727,28
2728,44
2729,13
2730,33
2731,27
2732,34
2733,28
2734,28
2735,23
2736,18
2737,34
2738,44
2739,28
2740,35
2741,29
2742,28
2743,32
2744,46
2745,11
2746,32
2747,1
2748,32
2749,22
2750,28
2751,43
2752,42
2753,4
2754,42
2755,12
2756,14
2757,0
2758,31
2759,44
2760,21
2761,28
2762,48
2763,28
2764,37
2765,37
2766,34
2767,8
2768,37
2769,44
2770,31
2771,28
2772,28
2773,14
2774,35
2775,44
2776,22
2777,48
2778,28
2779,22
2780,1
2781,44
2782,44
2783,28
2784,33
2785,26
2786,37
2787,31
2788,32
2789,34
2790,44
2791,28
2792,34
2793,31
2794,28
2795,21
2796,27
2797,33
2798,31
2799,22
2800,23
2801,28
2802,28
2803,48
2804,28
2805,31
2806,13
2807,11
2808,31
2809,37
2810,22
2811,44
2812,10
2813,11
2814,28
2815,32
2816,22
2817,28
2818,3
2819,22
2820,28
2821,28
2822,28
2823,0
2824,22
2825,28
2826,37
2827,29
2828,33
2829,28
2830,11
2831,33
2832,28
2833,37
2834,22
2835,44
2836,35
2837,0
2838,12
2839,23
2840,21
2841,35
2842,28
2843,33
2844,49
2845,22
2846,31
2847,6
2848,42
2849,22
2850,21
2851,11
2852,28
2853,34
2854,34
2855,26
2856,42
2857,37
2858,31
2859,0
2860,4
2861,28
2862,34
2863,11
2864,15
2865,42
2866,9
2867,29
2868,42
2869,33
2870,28
2871,28
2872,28
2873,38
2874,17
2875,24
2876,28
2877,11
2878,12
2879,14
2880,28
2881,44
2882,32
2883,37
2884,33
2885,21
2886,23
2887,28
2888,19
2889,28
2890,13
2891,28
2892,12
2893,11
2894,1
2895,14
2896,33
2897,32
2898,13
2899,34
2900,27
2901,38
2902,34
2903,23
2904,32
2905,48
2906,14
2907,44
2908,11
2909,29
2910,28
2911,21
2912,48
2913,28
2914,31
2915,32
2916,44
2917,31
2918,10
2919,28
2920,24
2921,13
2922,48
2923,0
2924,29
2925,14
2926,34
2927,44
2928,36
2929,14
2930,44
2931,31
2932,3
2933,46
2934,23
2935,23
2936,28
2937,21
2938,7
2939,41
2940,48
2941,28
2942,28
2943,25
2944,8
2945,43
2946,4
2947,0
2948,9
2949,23
2950,48
2951,28
2952,34
2953,31
2954,32
2955,44
2956,15
2957,48
2958,0
2959,23
2960,28
2961,32
2962,13
2963,30
2964,7
2965,31
2966,9
2967,34
2968,31
2969,35
2970,27
2971,39
2972,28
2973,28
2974,48
2975,47
2976,11
2977,28
2978,43
2979,28
2980,31
2981,8
2982,14
2983,32
2984,23
2985,48
2986,12
2987,48
2988,22
2989,34
2990,28
2991,34
2992,31
2993,16
2994,28
2995,28
2996,21
2997,28
2998,44
2999,28
3000,8
3001,11
3002,28
3003,22
3004,13
3005,34
3006,11
3007,32
3008,13
3009,34
3010,39
3011,46
3012,23
3013,22
3014,42
3015,15
3016,11
3017,44
3018,28
3019,27
3020,31
3021,27
3022,29
3023,48
3024,44
3025,32
3026,40
3027,28
3028,42
3029,28
3030,24
3031,37
3032,44
3033,28
3034,48
3035,33
3036,4
3037,21
3038,28
3039,28
3040,21
3041,23
3042,28
3043,31
3044,44
3045,9
3046,11
3047,33
3048,37
3049,13
3050,22
3051,28
3052,32
3053,28
3054,42
3055,32
3056,44
3057,0
3058,6
3059,28
3060,33
3061,42
3062,48
3063,28
3064,14
3065,11
3066,29
3067,31
3068,45
3069,31
3070,28
3071,44
3072,43
3073,28
3074,28
3075,33
3076,31
3077,48
3078,48
3079,37
3080,28
3081,5
3082,38
3083,28
3084,44
3085,5
3086,47
3087,4
3088,28
3089,32
3090,28
3091,24
3092,31
3093,28
3094,42
3095,33
3096,28
3097,32
3098,23
3099,28
3100,28
3101,46
3102,14
3103,42
3104,48
3105,28
3106,19
3107,28
3108,24
3109,42
3110,21
3111,28
3112,13
3113,35
3114,24
3115,44
3116,22
3117,22
3118,22
3119,21
3120,44
3121,28
3122,32
3123,0
3124,37
3125,12
3126,0
3127,48
3128,13
3129,26
3130,43
3131,49
3132,48
3133,31
3134,28
3135,28
3136,32
3137,42
3138,28
3139,28
3140,44
3141,12
3142,32
3143,28
3144,28
3145,28
3146,28
3147,29
3148,42
3149,44
3150,31
3151,14
3152,14
3153,42
3154,21
3155,31
3156,31
3157,28
3158,28
3159,28
3160,48
3161,0
3162,28
3163,28
3164,28
3165,31
3166,44
3167,22
3168,0
3169,8
3170,31
3171,22
3172,28
3173,23
3174,37
3175,28
3176,29
3177,28
3178,23
3179,28
3180,34
3181,28
3182,2
3183,10
3184,8
3185,37
3186,28
3187,45
3188,11
3189,48
3190,28
3191,31
3192,34
3193,23
3194,11
3195,47
3196,28
3197,34
3198,22
3199,32
3200,22
3201,28
3202,28
3203,28
3204,0
3205,32
3206,23
3207,28
3208,44
3209,48
3210,5
3211,14
3212,49
3213,28
3214,48
3215,22
3216,21
3217,22
3218,30
3219,28
3220,28
3221,42
3222,22
3223,48
3224,47
3225,44
3226,23
3227,22
3228,28
3229,43
3230,42
3231,4
3232,38
3233,28
3234,28
3235,14
3236,37
3237,7
3238,28
3239,22
3240,10
3241,0
3242,21
3243,33
3244,32
3245,28
3246,38
3247,28
3248,9
3249,28
3250,48
3251,42
3252,18
3253,34
3254,38
3255,32
3256,28
3257,31
3258,28
3259,37
3260,35
3261,42
3262,20
3263,28
3264,0
3265,28
3266,33
3267,34
3268,13
3269,31
3270,30
3271,28
3272,44
3273,32
3274,44
3275,8
3276,31
3277,22
3278,34
3279,28
3280,37
3281,28
3282,44
3283,31
3284,28
3285,14
3286,14
3287,22
3288,44
3289,0
3290,14
3291,6
3292,42
3293,29
3294,22
3295,14
3296,14
3297,32
3298,27
3299,14
3300,28
3301,34
3302,48
3303,28
3304,14
3305,10
3306,28
3307,8
3308,14
3309,32
3310,22
3311,31
3312,28
3313,23
3314,37
3315,28
3316,0
3317,34
3318,13
3319,13
3320,27
3321,31
3322,28
3323,44
3324,28
3325,28
3326,32
3327,29
3328,44
3329,28
3330,22
3331,31
3332,38
3333,22
3334,38
3335,28
3336,16
3337,22
3338,32
3339,31
3340,28
3341,48
3342,28
3343,37
3344,23
3345,33
3346,22
3347,5
3348,14
3349,44
3350,22
3351,31
3352,41
3353,28
3354,11
3355,11
3356,42
3357,36
3358,22
3359,14
3360,38
3361,44
3362,31
3363,27
3364,24
3365,23
3366,44
3367,21
3368,32
3369,12
3370,28
3371,44
3372,48
3373,44
3374,8
3375,0
3376,50
3377,14
3378,35
3379,34
3380,44
3381,23
3382,43
3383,28
3384,29
3385,0
3386,14
3387,8
3388,33
3389,28
3390,28
3391,28
3392,28
3393,28
3394,28
3395,28
3396,34
3397,22
3398,22
3399,27
3400,34
3401,10
3402,31
3403,44
3404,28
3405,43
3406,32
3407,34
3408,32
3409,42
3410,44
3411,34
3412,28
3413,10
3414,23
3415,28
3416,12
3417,22
3418,37
3419,28
3420,22
3421,32
3422,31
3423,28
3424,48
3425,28
3426,22
3427,13
3428,48
3429,22
3430,34
3431,28
3432,31
3433,28
3434,44
3435,43
3436,42
3437,6
3438,32
3439,12
3440,48
3441,31
3442,30
3443,28
3444,4
3445,28
3446,44
3447,28
3448,32
3449,22
3450,0
3451,26
3452,31
3453,34
3454,34
3455,32
3456,22
3457,28
3458,13
3459,11
3460,27
3461,28
3462,12
3463,14
3464,37
3465,17
3466,21
3467,48
3468,44
3469,44
3470,3
3471,6
3472,28
3473,28
3474,0
3475,28
3476,42
3477,22
3478,28
3479,0
3480,28
3481,44
3482,14
3483,44
3484,31
3485,42
3486,48
3487,44
3488,0
3489,27
3490,44
3491,14
3492,44
3493,31
3494,31
3495,21
3496,30
3497,33
3498,28
3499,34
3500,43
3501,24
3502,17
3503,38
3504,33
3505,28
3506,0
3507,34
3508,26
3509,0
3510,4
3511,23
3512,1
3513,28
3514,0
3515,14
3516,41
3517,50
3518,14
3519,44
3520,28
3521,44
3522,22
3523,13
3524,28
3525,42
3526,22
3527,28
3528,32
3529,22
3530,10
3531,11
3532,47
3533,21
3534,28
3535,44
3536,44
3537,38
3538,28
3539,28
3540,28
3541,28
3542,38
3543,23
3544,31
3545,42
3546,22
3547,32
3548,28
3549,28
3550,28
3551,44
3552,42
3553,17
3554,28
3555,22
3556,9
3557,22
3558,32
3559,28
3560,31
3561,22
3562,28
3563,8
3564,28
3565,28
3566,34
3567,28
3568,7
3569,8
3570,29
3571,31
3572,23
3573,28
3574,18
3575,28
3576,43
3577,28
3578,23
3579,44
3580,28
3581,22
3582,28
3583,8
3584,44
3585,28
3586,11
3587,34
3588,48
3589,10
3590,14
3591,8
3592,28
3593,28
3594,23
3595,22
3596,23
3597,45
3598,28
3599,44
3600,9
3601,4
3602,32
3603,12
3604,12
3605,42
3606,28
3607,23
3608,32
3609,35
3610,33
3611,28
3612,0
3613,48
3614,28
3615,0
3616,21
3617,28
3618,12
3619,4
3620,11
3621,31
3622,28
3623,12
3624,34
3625,39
3626,44
3627,6
3628,14
3629,28
3630,44
3631,14
3632,33
3633,0
3634,28
3635,31
3636,22
3637,46
3638,23
3639,28
3640,48
3641,28
3642,44
3643,28
3644,33
3645,21
3646,34
3647,28
3648,34
3649,42
3650,13
3651,28
3652,28
3653,44
3654,31
3655,0
3656,44
3657,43
3658,14
3659,33
3660,8
3661,32
3662,28
3663,48
3664,22
3665,32
3666,28
3667,38
3668,37
3669,44
3670,14
3671,39
3672,38
3673,22
3674,33
3675,43
3676,22
3677,15
3678,22
3679,22
3680,28
3681,31
3682,42
3683,21
3684,31
3685,5
3686,34
3687,4
3688,21
3689,22
3690,17
3691,29
3692,33
3693,44
3694,22
3695,32
3696,28
3697,42
3698,4
3699,42
3700,33
3701,44
3702,22
3703,14
3704,34
3705,28
3706,23
3707,14
3708,10
3709,44
3710,28
3711,12
3712,2
3713,42
3714,13
3715,28
3716,28
3717,27
3718,0
3719,37
3720,28
3721,28
3722,33
3723,28
3724,31
3725,21
3726,44
3727,14
3728,26
3729,8
3730,5
3731,28
3732,46
3733,42
3734,42
3735,28
3736,37
3737,28
3738,28
3739,32
3740,44
3741,28
3742,34
3743,28
3744,28
3745,28
3746,34
3747,21
3748,31
3749,28
3750,48
3751,22
3752,28
3753,29
3754,21
3755,28
3756,44
3757,8
3758,23
3759,47
3760,22
3761,14
3762,31
3763,32
3764,28
3765,44
3766,34
3767,28
3768,4
3769,34
3770,38
3771,11
3772,28
3773,14
3774,42
3775,31
3776,31
3777,28
3778,44
3779,42
3780,31
3781,12
3782,42
3783,28
3784,11
3785,23
3786,28
3787,28
3788,11
3789,8
3790,28
3791,44
3792,23
3793,38
3794,31
3795,10
3796,42
3797,28
3798,28
3799,44
3800,44
3801,44
3802,28
3803,31
3804,21
3805,48
3806,22
3807,33
3808,28
3809,12
3810,35
3811,1
3812,28
3813,28
3814,23
3815,33
3816,44
3817,30
3818,32
3819,48
3820,48
3821,7
3822,14
3823,10
3824,14
3825,31
3826,28
3827,28
3828,44
3829,38
3830,13
3831,28
3832,45
3833,0
3834,32
3835,26
3836,37
3837,8
3838,44
3839,14
3840,31
3841,43
3842,14
3843,31
3844,11
3845,39
3846,42
3847,32
3848,43
3849,23
3850,31
3851,2
3852,0
3853,42
3854,28
3855,44
3856,18
3857,22
3858,34
3859,41
3860,31
3861,28
3862,28
3863,18
3864,8
3865,33
3866,44
3867,28
3868,34
3869,31
3870,31
3871,36
3872,28
3873,22
3874,28
3875,0
3876,27
3877,34
3878,28
3879,14
3880,22
3881,8
3882,48
3883,14
3884,23
3885,31
3886,48
3887,14
3888,48
3889,28
3890,23
3891,32
3892,0
3893,20
3894,25
3895,44
3896,11
3897,13
3898,49
3899,0
3900,48
3901,22
3902,28
3903,0
3904,43
3905,28
3906,28
3907,48
3908,42
3909,42
3910,34
3911,14
3912,39
3913,39
3914,22
3915,28
3916,46
3917,21
3918,31
3919,22
3920,32
3921,50
3922,4
3923,28
3924,34
3925,44
3926,44
3927,22
3928,13
3929,0
3930,14
3931,38
3932,38
3933,38
3934,28
3935,28
3936,28
3937,45
3938,28
3939,38
3940,29
3941,25
3942,41
3943,37
3944,0
3945,31
3946,48
3947,27
3948,44
3949,28
3950,42
3951,22
3952,23
3953,44
3954,22
3955,6
3956,34
3957,42
3958,4
3959,48
3960,22
3961,25
3962,10
3963,31
3964,44
3965,28
3966,46
3967,23
3968,28
3969,10
3970,22
3971,22
3972,30
3973,12
3974,13
3975,28
3976,48
3977,42
3978,44
3979,28
3980,44
3981,21
3982,4
3983,31
3984,21
3985,14
3986,31
3987,38
3988,44
3989,22
3990,14
3991,44
3992,28
3993,13
3994,28
3995,32
3996,8
3997,28
3998,48
3999,9
4000,31
4001,32
4002,0
4003,28
4004,31
4005,45
4006,30
4007,45
4008,28
4009,31
4010,22
4011,48
4012,47
4013,9
4014,28
4015,31
4016,28
4017,38
4018,12
4019,32
4020,22
4021,28
4022,32
4023,37
4024,28
4025,22
4026,11
4027,21
4028,28
4029,41
4030,34
4031,48
4032,22
4033,44
4034,44
4035,48
4036,13
4037,28
4038,44
4039,44
4040,42
4041,28
4042,31
4043,28
4044,28
4045,10
4046,11
4047,28
4048,16
4049,28
4050,37
4051,30
4052,32
4053,28
4054,23
4055,21
4056,22
4057,48
4058,28
4059,1
4060,14
4061,28
4062,28
4063,38
4064,22
4065,38
4066,33
4067,41
4068,38
4069,24
4070,13
4071,31
4072,48
4073,23
4074,45
4075,29
4076,42
4077,28
4078,28
4079,31
4080,47
4081,28
4082,26
4083,48
4084,22
4085,14
4086,32
4087,44
4088,24
4089,5
4090,28
4091,32
4092,32
4093,8
4094,22
4095,39
4096,28
4097,36
4098,28
4099,28
4100,22
4101,22
4102,44
4103,26
4104,22
4105,26
4106,38
4107,13
4108,28
4109,48
4110,44
4111,28
4112,44
4113,28
4114,31
4115,42
4116,42
4117,42
4118,28
4119,28
4120,28
4121,18
4122,46
4123,22
4124,31
4125,34
4126,28
4127,21
4128,22
4129,28
4130,14
4131,28
4132,31
4133,6
4134,28
4135,0
4136,13
4137,21
4138,38
4139,22
4140,28
4141,48
4142,22
4143,31
4144,28
4145,34
4146,10
4147,14
4148,43
4149,37
4150,14
4151,8
4152,34
4153,22
4154,11
4155,30
4156,28
4157,28
4158,22
4159,28
4160,38
4161,34
4162,21
4163,31
4164,8
4165,28
4166,43
4167,8
4168,44
4169,42
4170,11
4171,19
4172,8
4173,22
4174,28
4175,19
4176,6
4177,43
4178,28
4179,28
4180,28
4181,28
4182,9
4183,2
4184,28
4185,31
4186,34
4187,10
4188,34
4189,31
4190,22
4191,43
4192,48
4193,48
4194,28
4195,28
4196,28
4197,38
4198,42
4199,44
4200,44
4201,6
4202,28
4203,37
4204,34
4205,48
4206,30
4207,19
4208,45
4209,28
4210,44
4211,32
4212,38
4213,34
4214,48
4215,37
4216,10
4217,28
4218,4
4219,34
4220,48
4221,34
4222,44
4223,23
4224,7
4225,31
4226,13
4227,31
4228,38
4229,23
4230,28
4231,28
4232,28
4233,31
4234,48
4235,31
4236,28
4237,41
4238,28
4239,34
4240,44
4241,20
4242,11
4243,28
4244,28
4245,31
4246,28
4247,14
4248,11
4249,47
4250,45
4251,47
4252,34
4253,0
4254,13
4255,8
4256,31
4257,22
4258,28
4259,14
4260,32
4261,43
4262,28
4263,11
4264,48
4265,28
4266,8
4267,44
4268,28
4269,28
4270,28
4271,28
4272,11
4273,14
4274,44
4275,31
4276,22
4277,38
4278,47
4279,48
4280,44
4281,24
4282,21
4283,14
4284,28
4285,44
4286,22
4287,44
4288,28
4289,28
4290,44
4291,0
4292,28
4293,31
4294,28
4295,11
4296,28
4297,34
4298,28
4299,10
4300,30
4301,22
4302,11
4303,37
4304,11
4305,27
4306,22
4307,27
4308,48
4309,28
4310,31
4311,22
4312,48
4313,28
4314,28
4315,32
4316,37
4317,28
4318,32
4319,44
4320,34
4321,11
4322,26
4323,47
4324,48
4325,22
4326,48
4327,11
4328,0
4329,28
4330,28
4331,28
4332,14
4333,32
4334,27
4335,31
4336,12
4337,31
4338,42
4339,26
4340,44
4341,14
4342,31
4343,10
4344,34
4345,5
4346,11
4347,18
4348,22
4349,28
4350,28
4351,34
4352,29
4353,43
4354,28
4355,22
4356,44
4357,18
4358,43
4359,34
4360,32
4361,31
4362,28
4363,48
4364,23
4365,23
4366,42
4367,28
4368,34
4369,26
4370,0
4371,16
4372,28
4373,32
4374,22
4375,30
4376,5
4377,28
4378,28
4379,35
4380,28
4381,31
4382,22
4383,48
4384,41
4385,0
4386,9
4387,28
4388,34
4389,22
4390,5
4391,42
4392,35
4393,46
4394,33
4395,48
4396,28
4397,46
4398,28
4399,8
4400,22
4401,48
4402,14
4403,28
4404,28
4405,42
4406,28
4407,0
4408,0
4409,41
4410,37
4411,32
4412,42
4413,48
4414,44
4415,21
4416,5
4417,28
4418,22
4419,48
4420,24
4421,5
4422,48
4423,28
4424,10
4425,23
4426,9
4427,14
4428,14
4429,32
4430,23
4431,22
4432,42
4433,48
4434,44
4435,5
4436,28
4437,23
4438,21
4439,22
4440,47
4441,32
4442,42
4443,32
4444,28
4445,47
4446,28
4447,44
4448,38
4449,28
4450,31
4451,34
4452,48
4453,28
4454,31
4455,31
4456,48
4457,28
4458,35
4459,11
4460,28
4461,32
4462,28
4463,33
4464,23
4465,9
4466,29
4467,38
4468,28
4469,11
4470,14
4471,28
4472,46
4473,34
4474,32
4475,48
4476,13
4477,28
4478,27
4479,31
4480,12
4481,48
4482,14
4483,0
4484,46
4485,8
4486,33
4487,44
4488,44
4489,44
4490,28
4491,44
4492,28
4493,28
4494,28
4495,14
4496,22
4497,22
4498,27
4499,28
4500,48
4501,28
4502,42
4503,31
4504,29
4505,21
4506,35
4507,42
4508,31
4509,28
4510,26
4511,42
4512,32
4513,34
4514,50
4515,12
4516,38
4517,44
4518,32
4519,48
4520,21
4521,50
4522,31
4523,1
4524,48
4525,48
4526,28
4527,25
4528,48
4529,28
4530,48
4531,44
4532,5
4533,28
4534,44
4535,14
4536,21
4537,42
4538,22
4539,28
4540,42
4541,44
4542,48
4543,28
4544,34
4545,28
4546,42
4547,28
4548,9
4549,28
4550,21
4551,28
4552,44
4553,31
4554,15
4555,28
4556,28
4557,34
4558,28
4559,22
4560,25
4561,47
4562,44
4563,28
4564,28
4565,34
4566,8
4567,31
4568,33
4569,42
4570,49
4571,31
4572,43
4573,21
4574,48
4575,44
4576,34
4577,29
4578,14
4579,42
4580,28
4581,23
4582,28
4583,21
4584,9
4585,44
4586,22
4587,5
4588,45
4589,28
4590,28
4591,23
4592,37
4593,48
4594,21
4595,50
4596,49
4597,44
4598,8
4599,28
4600,34
4601,33
4602,0
4603,43
4604,0
4605,47
4606,31
4607,50
4608,34
4609,28
4610,0
4611,28
4612,28
4613,48
4614,37
4615,14
4616,29
4617,44
4618,28
4619,11
4620,48
4621,28
4622,28
4623,14
4624,28
4625,28
4626,31
4627,48
4628,28
4629,30
4630,27
4631,10
4632,28
4633,42
4634,13
4635,44
4636,25
4637,28
4638,38
4639,11
4640,44
4641,8
4642,28
4643,4
4644,32
4645,28
4646,23
4647,11
4648,11
4649,34
4650,30
4651,28
4652,32
4653,44
4654,11
4655,44
4656,32
4657,22
4658,44
4659,34
4660,11
4661,28
4662,28
4663,31
4664,44
4665,22
4666,14
4667,34
4668,37
4669,28
4670,47
4671,28
4672,28
4673,34
4674,33
4675,37
4676,28
4677,0
4678,28
4679,22
4680,28
4681,44
4682,23
4683,23
4684,28
4685,32
4686,42
4687,10
4688,28
4689,28
4690,28
4691,13
4692,22
4693,35
4694,34
4695,28
4696,28
4697,43
4698,14
4699,28
4700,22
4701,2
4702,22
4703,0
4704,28
4705,12
4706,22
4707,28
4708,31
4709,28
4710,11
4711,14
4712,8
4713,35
4714,34
4715,14
4716,29
4717,34
4718,23
4719,21
4720,14
4721,28
4722,27
4723,41
4724,31
4725,32
4726,34
4727,14
4728,31
4729,37
4730,12
4731,44
4732,28
4733,21
4734,42
4735,31
4736,10
4737,14
4738,41
4739,32
4740,16
4741,28
4742,28
4743,29
4744,31
4745,14
4746,28
4747,44
4748,28
4749,44
4750,27
4751,33
4752,5
4753,28
4754,28
4755,26
4756,22
4757,5
4758,28
4759,31
4760,29
4761,37
4762,47
4763,42
4764,34
4765,22
4766,28
4767,44
4768,21
4769,9
4770,44
4771,28
4772,11
4773,28
4774,32
4775,16
4776,28
4777,34
4778,23
4779,28
4780,11
4781,37
4782,32
4783,28
4784,23
4785,44
4786,28
4787,4
4788,35
4789,46
4790,28
4791,28
4792,22
4793,5
4794,48
4795,22
4796,28
4797,47
4798,28
4799,28
4800,28
4801,11
4802,34
4803,10
4804,0
4805,25
4806,14
4807,22
4808,28
4809,28
4810,44
4811,14
4812,31
4813,34
4814,14
4815,28
4816,28
4817,31
4818,30
4819,42
4820,33
4821,5
4822,37
4823,0
4824,28
4825,11
4826,34
4827,31
4828,13
4829,28
4830,44
4831,28
4832,25
4833,5
4834,44
4835,0
4836,4
4837,48
4838,44
4839,31
4840,45
4841,4
4842,28
4843,2
4844,28
4845,31
4846,34
4847,4
4848,28
4849,28
4850,22
4851,34
4852,28
4853,5
4854,11
4855,5
4856,32
4857,22
4858,48
4859,12
4860,14
4861,32
4862,11
4863,28
4864,32
4865,14
4866,13
4867,14
4868,48
4869,28
4870,44
4871,29
4872,34
4873,38
4874,28
4875,44
4876,31
4877,38
4878,39
4879,13
4880,38
4881,44
4882,32
4883,28
4884,28
4885,28
4886,41
4887,44
4888,27
4889,28
4890,44
4891,11
4892,14
4893,37
4894,44
4895,28
4896,28
4897,31
4898,28
4899,27
4900,28
4901,34
4902,28
4903,11
4904,28
4905,14
4906,32
4907,0
4908,14
4909,42
4910,44
4911,44
4912,31
4913,38
4914,48
4915,9
4916,11
4917,13
4918,34
4919,28
4920,34
4921,44
4922,47
4923,31
4924,42
4925,28
4926,11
4927,32
4928,42
4929,28
4930,30
4931,37
4932,34
4933,44
4934,8
4935,28
4936,28
4937,13
4938,28
4939,0
4940,28
4941,22
4942,14
4943,22
4944,10
4945,50
4946,8
4947,50
4948,23
4949,14
4950,14
4951,42
4952,28
4953,21
4954,32
4955,42
4956,40
4957,28
4958,32
4959,31
4960,12
4961,31
4962,8
4963,21
4964,22
4965,22
4966,48
4967,45
4968,23
4969,28
4970,44
4971,31
4972,9
4973,14
4974,39
4975,28
4976,26
4977,42
4978,44
4979,31
4980,13
4981,28
4982,48
4983,14
4984,27
4985,44
4986,44
4987,31
4988,44
4989,21
4990,28
4991,28
4992,31
4993,42
4994,28
4995,11
4996,8
4997,28
4998,28
4999,28
5000,37
5001,50
5002,48
5003,34
5004,28
5005,44
5006,28
5007,31
5008,33
5009,28
5010,37
5011,21
5012,23
5013,44
5014,22
5015,34
5016,28
5017,28
5018,31
5019,28
5020,28
5021,42
5022,32
5023,10
5024,28
5025,14
5026,22
5027,22
5028,42
5029,28
5030,28
5031,28
5032,10
5033,48
5034,28
5035,42
5036,33
5037,32
5038,28
5039,28
5040,39
5041,48
5042,48
5043,32
5044,37
5045,31
5046,28
5047,28
5048,8
5049,28
5050,12
5051,48
5052,42
5053,24
5054,21
5055,32
5056,33
5057,25
5058,31
5059,14
5060,39
5061,28
5062,29
5063,28
5064,14
5065,28
5066,11
5067,43
5068,48
5069,28
5070,28
5071,21
5072,28
5073,44
5074,11
5075,12
5076,32
5077,29
5078,42
5079,27
5080,27
5081,38
5082,30
5083,21
5084,6
5085,28
5086,49
5087,34
5088,31
5089,28
5090,28
5091,21
5092,28
5093,50
5094,48
5095,28
5096,28
5097,31
5098,49
5099,28
5100,28
5101,0
5102,0
5103,33
5104,9
5105,22
5106,21
5107,48
5108,48
5109,26
5110,30
5111,29
5112,24
5113,13
5114,28
5115,23
5116,30
5117,41
5118,42
5119,32
5120,23
5121,48
5122,5
5123,28
5124,21
5125,0
5126,31
5127,35
5128,14
5129,21
5130,22
5131,43
5132,45
5133,38
5134,26
5135,22
5136,31
5137,34
5138,44
5139,23
5140,42
5141,48
5142,28
5143,32
5144,32
5145,19
5146,35
5147,29
5148,29
5149,42
5150,43
5151,14
5152,31
5153,28
5154,32
5155,44
5156,28
5157,23
5158,28
5159,28
5160,31
5161,28
5162,0
5163,34
5164,32
5165,28
5166,37
5167,48
5168,49
5169,42
5170,43
5171,33
5172,27
5173,36
5174,22
5175,48
5176,28
5177,28
5178,32
5179,28
5180,45
5181,19
5182,31
5183,12
5184,0
5185,23
5186,31
5187,39
5188,15
5189,0
5190,22
5191,32
5192,8
5193,48
5194,22
5195,34
5196,24
5197,11
5198,31
5199,47
5200,5
5201,44
5202,8
5203,22
5204,21
5205,31
5206,23
5207,34
5208,22
5209,32
5210,28
5211,22
5212,28
5213,42
5214,37
5215,22
5216,22
5217,14
5218,31
5219,22
5220,31
5221,26
5222,48
5223,11
5224,23
5225,28
5226,14
5227,42
5228,23
5229,13
5230,36
5231,9
5232,22
5233,28
5234,34
5235,0
5236,28
5237,31
5238,48
5239,32
5240,33
5241,10
5242,11
5243,23
5244,14
5245,3
5246,14
5247,14
5248,32
5249,31
5250,28
5251,26
5252,23
5253,48
5254,0
5255,0
5256,21
5257,23
5258,28
5259,22
5260,34
5261,21
5262,7
5263,47
5264,46
5265,28
5266,33
5267,46
5268,37
5269,14
5270,14
5271,8
5272,42
5273,14
5274,21
5275,0
5276,31
5277,38
5278,14
5279,14
5280,14
5281,34
5282,23
5283,48
5284,20
5285,31
5286,44
5287,20
5288,22
5289,44
5290,21
5291,32
5292,9
5293,32
5294,48
5295,8
5296,31
5297,21
5298,28
5299,48
5300,14
5301,31
5302,44
5303,41
5304,22
5305,28
5306,48
5307,28
5308,31
5309,37
5310,28
5311,42
5312,14
5313,44
5314,33
5315,35
5316,10
5317,28
5318,23
5319,48
5320,31
5321,9
5322,28
5323,28
5324,37
5325,48
5326,28
5327,24
5328,28
5329,31
5330,28
5331,8
5332,28
5333,28
5334,9
5335,34
5336,12
5337,22
5338,26
5339,22
5340,32
5341,11
5342,28
5343,23
5344,5
5345,28
5346,14
5347,0
5348,8
5349,38
5350,28
5351,44
5352,34
5353,28
5354,22
5355,22
5356,0
5357,41
5358,32
5359,21
5360,48
5361,27
5362,48
5363,11
5364,14
5365,32
5366,28
5367,12
5368,22
5369,43
5370,25
5371,12
5372,34
5373,28
5374,23
5375,28
5376,28
5377,28
5378,8
5379,44
5380,37
5381,44
5382,28
5383,28
5384,9
5385,32
5386,28
5387,21
5388,28
5389,32
5390,35
5391,18
5392,48
5393,18
5394,34
5395,28
5396,16
5397,14
5398,22
5399,47
5400,13
5401,31
5402,28
5403,28
5404,31
5405,42
5406,5
5407,0
5408,7
5409,28
5410,48
5411,34
5412,28
5413,44
5414,31
5415,32
5416,48
5417,23
5418,35
5419,28
5420,28
5421,31
5422,28
5423,44
5424,23
5425,1
5426,34
5427,28
5428,12
5429,42
5430,28
5431,28
5432,31
5433,5
5434,31
5435,22
5436,28
5437,42
5438,34
5439,34
5440,29
5441,28
5442,31
5443,34
5444,44
5445,22
5446,34
5447,12
5448,44
5449,31
5450,5
5451,31
5452,27
5453,42
5454,14
5455,31
5456,14
5457,28
5458,34
5459,48
5460,38
5461,42
5462,28
5463,32
5464,42
5465,33
5466,21
5467,31
5468,44
5469,22
5470,14
5471,22
5472,28
5473,44
5474,44
5475,44
5476,48
5477,8
5478,27
5479,48
5480,28
5481,28
5482,48
5483,28
5484,28
5485,33
5486,32
5487,31
5488,32
5489,13
5490,28
5491,37
5492,5
5493,28
5494,28
5495,28
5496,28
5497,28
5498,31
5499,11
5500,44
5501,28
5502,28
5503,28
5504,21
5505,5
5506,43
5507,31
5508,34
5509,31
5510,36
5511,28
5512,43
5513,44
5514,31
5515,8
5516,5
5517,14
5518,10
5519,4
5520,36
5521,44
5522,9
5523,37
5524,10
5525,28
5526,14
5527,31
5528,14
5529,28
5530,44
5531,44
5532,28
5533,28
5534,13
5535,27
5536,48
5537,48
5538,44
5539,34
5540,28
5541,43
5542,28
5543,23
5544,24
5545,31
5546,33
5547,32
5548,11
5549,29
5550,12
5551,11
5552,35
5553,26
5554,31
5555,28
5556,34
5557,42
5558,14
5559,28
5560,44
5561,28
5562,0
5563,45
5564,42
5565,32
5566,28
5567,44
5568,48
5569,32
5570,22
5571,0
5572,48
5573,48
5574,48
5575,32
5576,31
5577,32
5578,34
5579,11
5580,34
5581,42
5582,5
5583,38
5584,29
5585,28
5586,28
5587,48
5588,32
5589,22
5590,21
5591,28
5592,10
5593,0
5594,28
5595,48
5596,34
5597,22
5598,28
5599,31
5600,42
5601,5
5602,31
5603,16
5604,5
5605,49
5606,23
5607,22
5608,20
5609,31
5610,44
5611,31
5612,35
5613,28
5614,18
5615,42
5616,34
5617,42
5618,28
5619,6
5620,28
5621,34
5622,34
5623,32
5624,22
5625,28
5626,22
5627,44
5628,23
5629,14
5630,31
5631,29
5632,31
5633,0
5634,28
5635,38
5636,32
5637,11
5638,33
5639,23
5640,26
5641,14
5642,47
5643,44
5644,37
5645,45
5646,27
5647,43
5648,31
5649,23
5650,42
5651,34
5652,22
5653,28
5654,28
5655,28
5656,0
5657,28
5658,28
5659,11
5660,44
5661,38
5662,28
5663,44
5664,7
5665,32
5666,42
5667,44
5668,33
5669,31
5670,21
5671,34
5672,22
5673,37
5674,44
5675,13
5676,48
5677,0
5678,0
5679,22
5680,32
5681,28
5682,32
5683,14
5684,22
5685,13
5686,23
5687,0
5688,26
5689,44
5690,31
5691,38
5692,28
5693,28
5694,38
5695,23
5696,28
5697,28
5698,14
5699,28
5700,0
5701,44
5702,8
5703,28
5704,43
5705,11
5706,39
5707,29
5708,44
5709,31
5710,28
5711,28
5712,28
5713,22
5714,31
5715,28
5716,13
5717,28
5718,11
5719,31
5720,32
5721,48
5722,46
5723,12
5724,34
5725,29
5726,48
5727,31
5728,9
5729,31
5730,18
5731,28
5732,42
5733,28
5734,44
5735,28
5736,22
5737,28
5738,21
5739,33
5740,34
5741,11
5742,27
5743,8
5744,10
5745,13
5746,34
5747,28
5748,27
5749,8
5750,28
5751,48
5752,31
5753,28
5754,44
5755,33
5756,22
5757,22
5758,23
5759,32
5760,12
5761,29
5762,8
5763,14
5764,43
5765,28
5766,32
5767,28
5768,28
5769,21
5770,32
5771,34
5772,44
5773,0
5774,23
5775,22
5776,28
5777,48
5778,28
5779,44
5780,34
5781,7
5782,13
5783,43
5784,27
5785,32
5786,28
5787,28
5788,28
5789,8
5790,42
5791,29
5792,31
5793,28
5794,37
5795,31
5796,9
5797,33
5798,32
5799,25
5800,11
5801,28
5802,31
5803,44
5804,8
5805,22
5806,22
5807,28
5808,5
5809,19
5810,11
5811,23
5812,28
5813,45
5814,47
5815,23
5816,33
5817,28
5818,0
5819,1
5820,28
5821,28
5822,28
5823,31
5824,48
5825,0
5826,28
5827,14
5828,44
5829,34
5830,28
5831,33
5832,32
5833,48
5834,34
5835,23
5836,27
5837,42
5838,11
5839,31
5840,41
5841,28
5842,50
5843,8
5844,28
5845,28
5846,22
5847,28
5848,7
5849,37
5850,32
5851,28
5852,37
5853,15
5854,48
5855,48
5856,22
5857,34
5858,28
5859,44
5860,14
5861,14
5862,44
5863,28
5864,28
5865,37
5866,44
5867,37
5868,22
5869,28
5870,28
5871,44
5872,22
5873,9
5874,42
5875,28
5876,28
5877,31
5878,32
5879,28
5880,42
5881,44
5882,22
5883,42
5884,22
5885,22
5886,31
5887,28
5888,25
5889,21
5890,28
5891,28
5892,44
5893,31
5894,38
5895,45
5896,31
5897,0
5898,28
5899,43
5900,34
5901,22
5902,28
5903,44
5904,0
5905,22
5906,28
5907,11
5908,32
5909,28
5910,28
5911,14
5912,34
5913,43
5914,11
5915,4
5916,28
5917,28
5918,11
5919,21
5920,26
5921,5
5922,32
5923,31
5924,14
5925,21
5926,28
5927,35
5928,26
5929,43
5930,11
5931,28
5932,28
5933,14
5934,28
5935,45
5936,33
5937,37
5938,28
5939,14
5940,23
5941,44
5942,32
5943,28
5944,8
5945,28
5946,28
5947,14
5948,28
5949,35
5950,11
5951,34
5952,23
5953,23
5954,26
5955,33
5956,28
5957,44
5958,22
5959,27
5960,37
5961,37
5962,28
5963,24
5964,14
5965,44
5966,32
5967,28
5968,48
5969,28
5970,22
5971,22
5972,28
5973,35
5974,28
5975,11
5976,27
5977,31
5978,10
5979,12
5980,44
5981,34
5982,22
5983,28
5984,11
5985,5
5986,44
5987,47
5988,42
5989,44
5990,28
5991,46
5992,32
5993,28
5994,28
5995,28
5996,4
5997,28
5998,28
5999,44
6000,44
6001,28
6002,32
6003,21
6004,48
6005,44
6006,49
6007,27
6008,31
6009,0
6010,11
6011,43
6012,32
6013,34
6014,11
6015,25
6016,28
6017,28
6018,34
6019,22
6020,48
6021,8
6022,13
6023,47
6024,11
6025,44
6026,29
6027,28
6028,32
6029,31
6030,8
6031,28
6032,44
6033,28
6034,33
6035,27
6036,0
6037,27
6038,44
6039,47
6040,48
6041,48
6042,5
6043,31
6044,42
6045,42
6046,8
6047,12
6048,4
6049,22
6050,22
6051,47
6052,6
6053,34
6054,42
6055,22
6056,16
6057,0
6058,48
6059,31
6060,28
6061,7
6062,48
6063,14
6064,45
6065,14
6066,48
6067,13
6068,44
6069,41
6070,9
6071,4
6072,28
6073,42
6074,28
6075,23
6076,28
6077,0
6078,42
6079,42
6080,33
6081,31
6082,2
6083,0
6084,23
6085,24
6086,14
6087,47
6088,31
6089,28
6090,44
6091,2
6092,21
6093,15
6094,8
6095,33
6096,48
6097,11
6098,14
6099,8
6100,36
6101,26
6102,31
6103,42
6104,22
6105,28
6106,28
6107,28
6108,43
6109,42
6110,28
6111,48
6112,12
6113,28
6114,13
6115,38
6116,14
6117,13
6118,13
6119,27
6120,28
6121,31
6122,32
6123,22
6124,33
6125,28
6126,48
6127,44
6128,8
6129,28
6130,41
6131,28
6132,30
6133,34
6134,22
6135,28
6136,44
6137,48
6138,25
6139,28
6140,34
6141,42
6142,27
6143,20
6144,23
6145,31
6146,28
6147,44
6148,14
6149,47
6150,44
6151,28
6152,32
6153,8
6154,9
6155,32
6156,21
6157,42
6158,28
6159,23
6160,22
6161,42
6162,13
6163,33
6164,24
6165,44
6166,32
6167,28
6168,32
6169,13
6170,33
6171,22
6172,5
6173,28
6174,33
6175,31
6176,48
6177,34
6178,32
6179,42
6180,44
6181,33
6182,37
6183,48
6184,34
6185,31
6186,28
6187,32
6188,48
6189,45
6190,28
6191,28
6192,13
6193,41
6194,14
6195,45
6196,48
6197,8
6198,22
6199,0
6200,1
6201,31
6202,14
6203,22
6204,23
6205,42
6206,9
6207,14
6208,29
6209,23
6210,28
6211,28
6212,15
6213,22
6214,38
6215,48
6216,42
6217,28
6218,31
6219,28
6220,44
6221,38
6222,28
6223,34
6224,28
6225,31
6226,23
6227,12
6228,8
6229,32
6230,44
6231,42
6232,11
6233,18
6234,37
6235,42
6236,47
6237,31
6238,28
6239,42
6240,48
6241,22
6242,27
6243,44
6244,31
6245,28
6246,28
6247,28
6248,31
6249,32
6250,28
6251,22
6252,44
6253,44
6254,32
6255,44
6256,48
6257,33
6258,8
6259,32
6260,33
6261,31
6262,21
6263,38
6264,46
6265,48
6266,1
6267,11
6268,31
6269,32
6270,28
6271,45
6272,11
6273,46
6274,22
6275,48
6276,33
6277,34
6278,23
6279,21
6280,46
6281,31
6282,13
6283,28
6284,37
6285,21
6286,28
6287,5
6288,28
6289,28
6290,32
6291,11
6292,13
6293,22
6294,47
6295,22
6296,27
6297,33
6298,8
6299,45
6300,43
6301,27
6302,28
6303,36
6304,28
6305,24
6306,21
6307,1
6308,31
6309,4
6310,28
6311,32
6312,44
6313,42
6314,44
6315,28
6316,11
6317,28
6318,44
6319,31
6320,29
6321,12
6322,22
6323,48
6324,44
6325,47
6326,28
6327,45
6328,28
6329,31
6330,32
6331,9
6332,31
6333,37
6334,22
6335,23
6336,44
6337,34
6338,33
6339,28
6340,44
6341,0
6342,35
6343,42
6344,41
6345,33
6346,28
6347,28
6348,4
6349,14
6350,32
6351,28
6352,48
6353,32
6354,48
6355,34
6356,47
6357,37
6358,37
6359,47
6360,23
6361,24
6362,34
6363,22
6364,37
6365,22
6366,50
6367,37
6368,31
6369,18
6370,0
6371,35
6372,33
6373,26
6374,2
6375,42
6376,8
6377,34
6378,23
6379,34
6380,28
6381,31
6382,2
6383,44
6384,28
6385,50
6386,22
6387,34
6388,44
6389,11
6390,37
6391,44
6392,6
6393,0
6394,33
6395,31
6396,5
6397,32
6398,42
6399,28
6400,14
6401,36
6402,33
6403,28
6404,28
6405,0
6406,44
6407,28
6408,23
6409,22
6410,44
6411,44
6412,28
6413,11
6414,42
6415,28
6416,28
6417,14
6418,28
6419,24
6420,44
6421,32
6422,28
6423,37
6424,28
6425,28
6426,0
6427,26
6428,14
6429,21
6430,44
6431,31
6432,43
6433,48
6434,39
6435,43
6436,42
6437,44
6438,10
6439,42
6440,14
6441,0
6442,33
6443,48
6444,14
6445,28
6446,28
6447,48
6448,49
6449,24
6450,22
6451,22
6452,23
6453,34
6454,28
6455,22
6456,28
6457,14
6458,28
6459,32
6460,28
6461,28
6462,32
6463,44
6464,28
6465,44
6466,44
6467,29
6468,44
6469,28
6470,41
6471,31
6472,33
6473,28
6474,29
6475,23
6476,15
6477,28
6478,20
6479,22
6480,28
6481,11
6482,34
6483,42
6484,34
6485,22
6486,28
6487,42
6488,2
6489,44
6490,38
6491,31
6492,34
6493,33
6494,13
6495,32
6496,28
6497,48
6498,48
6499,44
6500,33
6501,28
6502,43
6503,48
6504,28
6505,27
6506,22
6507,44
6508,44
6509,28
6510,35
6511,31
6512,45
6513,28
6514,26
6515,28
6516,38
6517,32
6518,7
6519,28
6520,22
6521,14
6522,44
6523,32
6524,12
6525,28
6526,24
6527,34
6528,44
6529,20
6530,31
6531,47
6532,28
6533,28
6534,0
6535,21
6536,0
6537,28
6538,28
6539,4
6540,28
6541,48
6542,28
6543,28
6544,31
6545,8
6546,14
6547,41
6548,31
6549,22
6550,19
6551,28
6552,22
6553,48
6554,37
6555,28
6556,23
6557,46
6558,28
6559,34
6560,22
6561,8
6562,44
6563,14
6564,32
6565,22
6566,48
6567,14
6568,44
6569,42
6570,45
6571,34
6572,28
6573,24
6574,11
6575,14
6576,22
6577,28
6578,28
6579,28
6580,31
6581,49
6582,46
6583,28
6584,28
6585,28
6586,48
6587,11
6588,28
6589,45
6590,8
6591,31
6592,35
6593,28
6594,8
6595,34
6596,8
6597,38
6598,28
6599,34
6600,44
6601,28
6602,28
6603,32
6604,22
6605,28
6606,48
6607,48
6608,48
6609,38
6610,27
6611,8
6612,28
6613,28
6614,28
6615,28
6616,11
6617,21
6618,34
6619,11
6620,23
6621,4
6622,22
6623,28
6624,28
6625,28
6626,23
6627,13
6628,0
6629,28
6630,12
6631,22
6632,28
6633,34
6634,28
6635,36
6636,33
6637,28
6638,0
6639,28
6640,31
6641,39
6642,28
6643,14
6644,11
6645,11
6646,44
6647,43
6648,28
6649,35
6650,32
6651,28
6652,28
6653,28
6654,34
6655,28
6656,22
6657,28
6658,42
6659,23
6660,28
6661,35
6662,44
6663,42
6664,28
6665,11
6666,28
6667,28
6668,28
6669,26
6670,35
6671,44
6672,12
6673,22
6674,32
6675,26
6676,14
6677,27
6678,38
6679,28
6680,32
6681,28
6682,11
6683,4
6684,48
6685,11
6686,14
6687,28
6688,22
6689,22
6690,11
6691,31
6692,13
6693,32
6694,47
6695,47
6696,28
6697,28
6698,22
6699,28
6700,46
6701,28
6702,22
6703,11
6704,28
6705,9
6706,28
6707,31
6708,48
6709,27
6710,34
6711,28
6712,44
6713,28
6714,47
6715,48
6716,44
6717,28
6718,23
6719,48
6720,10
6721,26
6722,28
6723,11
6724,32
6725,14
6726,38
6727,28
6728,32
6729,34
6730,28
6731,34
6732,0
6733,31
6734,0
6735,28
6736,14
6737,21
6738,23
6739,32
6740,31
6741,14
6742,48
6743,23
6744,34
6745,38
6746,34
6747,34
6748,47
6749,28
6750,31
6751,28
6752,22
6753,14
6754,49
6755,14
6756,14
6757,11
6758,37
6759,31
6760,28
6761,28
6762,48
6763,34
6764,48
6765,37
6766,14
6767,15
6768,36
6769,33
6770,11
6771,24
6772,11
6773,47
6774,28
6775,22
6776,28
6777,30
6778,47
6779,0
6780,28
6781,28
6782,26
6783,28
6784,33
6785,34
6786,10
6787,11
6788,28
6789,29
6790,27
6791,47
6792,32
6793,32
6794,36
6795,28
6796,5
6797,44
6798,48
6799,28
6800,13
6801,28
6802,28
6803,28
6804,5
6805,44
6806,48
6807,21
6808,33
6809,31
6810,23
6811,42
6812,34
6813,44
6814,28
6815,11
6816,46
6817,23
6818,22
6819,8
6820,48
6821,42
6822,5
6823,34
6824,9
6825,2
6826,34
6827,13
6828,28
6829,28
6830,22
6831,22
6832,44
6833,28
6834,28
6835,28
6836,42
6837,8
6838,28
6839,28
6840,48
6841,48
6842,12
6843,31
6844,28
6845,34
6846,44
6847,4
6848,42
6849,28
6850,26
6851,37
6852,42
6853,8
6854,44
6855,22
6856,6
6857,22
6858,34
6859,31
6860,35
6861,22
6862,28
6863,9
6864,22
6865,38
6866,28
6867,10
6868,28
6869,28
6870,24
6871,22
6872,4
6873,44
6874,28
6875,44
6876,38
6877,28
6878,11
6879,22
6880,28
6881,41
6882,28
6883,14
6884,31
6885,38
6886,35
6887,28
6888,42
6889,14
6890,9
6891,12
6892,3
6893,28
6894,42
6895,29
6896,28
6897,28
6898,42
6899,44
6900,28
6901,49
6902,32
6903,32
6904,14
6905,34
6906,28
6907,48
6908,14
6909,13
6910,30
6911,28
6912,14
6913,21
6914,24
6915,31
6916,33
6917,21
6918,31
6919,22
6920,14
6921,14
6922,22
6923,34
6924,44
6925,37
6926,14
6927,4
6928,38
6929,31
6930,28
6931,34
6932,30
6933,33
6934,44
6935,32
6936,28
6937,28
6938,22
6939,32
6940,31
6941,35
6942,21
6943,22
6944,14
6945,14
6946,28
6947,44
6948,23
6949,0
6950,13
6951,41
6952,19
6953,28
6954,28
6955,32
6956,32
6957,46
6958,32
6959,31
6960,28
6961,28
6962,31
6963,28
6964,22
6965,28
6966,20
6967,4
6968,1
6969,47
6970,21
6971,5
6972,48
6973,30
6974,42
6975,11
6976,28
6977,31
6978,48
6979,32
6980,28
6981,14
6982,28
6983,6
6984,32
6985,42
6986,44
6987,0
6988,28
6989,34
6990,47
6991,34
6992,30
6993,13
6994,23
6995,42
6996,28
6997,28
6998,38
6999,47
7000,42
7001,28
7002,2
7003,23
7004,34
7005,44
7006,44
7007,28
7008,42
7009,48
7010,38
7011,28
7012,48
7013,31
7014,28
7015,28
7016,23
7017,7
7018,34
7019,48
7020,14
7021,0
7022,15
7023,35
7024,31
7025,10
7026,28
7027,28
7028,34
7029,42
7030,34
7031,31
7032,38
7033,44
7034,28
7035,44
7036,21
7037,35
7038,4
7039,44
7040,28
7041,28
7042,28
7043,28
7044,36
7045,48
7046,48
7047,30
7048,41
7049,31
7050,8
7051,44
7052,48
7053,29
7054,23
7055,28
7056,48
7057,28
7058,31
7059,31
7060,22
7061,38
7062,43
7063,28
7064,14
7065,39
7066,28
7067,28
7068,42
7069,23
7070,28
7071,44
7072,31
7073,34
7074,32
7075,28
7076,12
7077,22
7078,44
7079,31
7080,37
7081,48
7082,33
7083,44
7084,28
7085,0
7086,28
7087,32
7088,10
7089,28
7090,22
7091,28
7092,42
7093,28
7094,35
7095,34
7096,31
7097,28
7098,38
7099,28
7100,16
7101,28
7102,32
7103,31
7104,28
7105,14
7106,34
7107,22
7108,31
7109,48
7110,4
7111,46
7112,28
7113,31
7114,44
7115,31
7116,25
7117,28
7118,9
7119,28
7120,47
7121,28
7122,10
7123,22
7124,0
7125,29
7126,31
7127,25
7128,31
7129,28
7130,44
7131,21
7132,10
7133,22
7134,28
7135,8
7136,22
7137,28
7138,28
7139,34
7140,37
7141,28
7142,28
7143,28
7144,22
7145,34
7146,32
7147,22
7148,23
7149,5
7150,28
7151,21
7152,28
7153,8
7154,31
7155,8
7156,0
7157,44
7158,23
7159,38
7160,8
7161,11
7162,14
7163,5
7164,44
7165,42
7166,24
7167,22
7168,5
7169,28
7170,0
7171,42
7172,44
7173,5
7174,38
7175,28
7176,42
7177,34
7178,11
7179,28
7180,37
7181,8
7182,44
7183,44
7184,8
7185,42
7186,42
7187,22
7188,27
7189,5
7190,23
7191,38
7192,5
7193,10
7194,44
7195,31
7196,14
7197,48
7198,28
7199,32
7200,42
7201,2
7202,48
7203,48
7204,28
7205,23
7206,28
7207,42
7208,28
7209,31
7210,13
7211,28
7212,39
7213,48
7214,30
7215,26
7216,34
7217,0
7218,22
7219,14
7220,11
7221,44
7222,44
7223,33
7224,34
7225,28
7226,28
7227,28
7228,28
7229,28
7230,31
7231,39
7232,14
7233,11
7234,28
7235,31
7236,47
7237,28
7238,22
7239,25
7240,11
7241,11
7242,34
7243,28
7244,28
7245,48
7246,12
7247,44
7248,7
7249,47
7250,22
7251,28
7252,28
7253,31
7254,28
7255,42
7256,34
7257,44
7258,28
7259,34
7260,22
7261,15
7262,22
7263,28
7264,4
7265,22
7266,34
7267,12
7268,32
7269,22
7270,28
7271,11
7272,34
7273,4
7274,31
7275,36
7276,42
7277,29
7278,32
7279,31
7280,21
7281,31
7282,44
7283,38
7284,43
7285,48
7286,31
7287,8
7288,28
7289,28
7290,33
7291,44
7292,48
7293,28
7294,24
7295,22
7296,12
7297,28
7298,23
7299,45
7300,28
7301,31
7302,31
7303,42
7304,28
7305,9
7306,43
7307,31
7308,34
7309,11
7310,31
7311,28
7312,26
7313,38
7314,0
7315,12
7316,4
7317,32
7318,27
7319,50
7320,44
7321,28
7322,13
7323,14
7324,34
7325,27
7326,13
7327,28
7328,28
7329,32
7330,28
7331,38
7332,35
7333,44
7334,28
7335,47
7336,34
7337,1
7338,28
7339,44
7340,14
7341,8
7342,32
7343,28
7344,44
7345,22
7346,28
7347,28
7348,14
7349,28
7350,34
7351,30
7352,4
7353,44
7354,22
7355,44
7356,31
7357,4
7358,42
7359,9
7360,28
7361,28
7362,44
7363,50
7364,28
7365,28
7366,8
7367,28
7368,21
7369,31
7370,28
7371,23
7372,23
7373,32
7374,31
7375,22
7376,22
7377,42
7378,34
7379,49
7380,31
7381,39
7382,34
7383,0
7384,8
7385,48
7386,44
7387,15
7388,31
7389,38
7390,28
7391,21
7392,31
7393,44
7394,38
7395,21
7396,28
7397,28
7398,22
7399,28
7400,42
7401,44
7402,44
7403,23
7404,28
7405,10
7406,11
7407,42
7408,28
7409,34
7410,28
7411,47
7412,31
7413,31
7414,28
7415,24
7416,28
7417,42
7418,48
7419,31
7420,42
7421,4
7422,25
7423,28
7424,34
7425,31
7426,28
7427,22
7428,43
7429,48
7430,31
7431,22
7432,27
7433,28
7434,28
7435,46
7436,32
7437,14
7438,44
7439,42
7440,44
7441,22
7442,48
7443,44
7444,24
7445,28
7446,48
7447,31
7448,28
7449,28
7450,28
7451,28
7452,42
7453,38
7454,31
7455,22
7456,32
7457,5
7458,31
7459,21
7460,28
7461,0
7462,48
7463,37
7464,28
7465,31
7466,48
7467,32
7468,23
7469,42
7470,42
7471,47
7472,48
7473,28
7474,44
7475,28
7476,13
7477,23
7478,28
7479,28
7480,28
7481,28
7482,5
7483,34
7484,28
7485,44
7486,11
7487,14
7488,28
7489,44
7490,2
7491,31
7492,33
7493,23
7494,28
7495,28
7496,28
7497,42
7498,31
7499,31
7500,28
7501,0
7502,31
7503,34
7504,48
7505,28
7506,34
7507,34
7508,0
7509,44
7510,50
7511,31
7512,5
7513,28
7514,3
7515,44
7516,28
7517,42
7518,21
7519,34
7520,22
7521,38
7522,20
7523,28
7524,42
7525,1
7526,11
7527,34
7528,31
7529,32
7530,41
7531,48
7532,30
7533,44
7534,33
7535,28
7536,28
7537,27
7538,48
7539,21
7540,21
7541,48
7542,34
7543,22
7544,44
7545,46
7546,31
7547,26
7548,28
7549,21
7550,42
7551,48
7552,48
7553,0
7554,21
7555,41
7556,28
7557,21
7558,42
7559,22
7560,22
7561,28
7562,23
7563,44
7564,31
7565,21
7566,21
7567,37
7568,28
7569,15
7570,28
7571,31
7572,22
7573,38
7574,6
7575,31
7576,27
7577,20
7578,12
7579,42
7580,48
7581,11
7582,28
7583,43
7584,31
7585,29
7586,27
7587,48
7588,31
7589,5
7590,28
7591,14
7592,40
7593,28
7594,48
7595,8
7596,32
7597,28
7598,27
7599,8
7600,42
7601,34
7602,38
7603,14
7604,34
7605,28
7606,0
7607,8
7608,11
7609,28
7610,38
7611,42
7612,34
7613,22
7614,26
7615,0
7616,28
7617,45
7618,22
7619,28
7620,28
7621,32
7622,22
7623,28
7624,21
7625,37
7626,45
7627,42
7628,31
7629,22
7630,30
7631,33
7632,22
7633,28
7634,32
7635,14
7636,14
7637,34
7638,28
7639,44
7640,8
7641,28
7642,32
7643,39
7644,31
7645,44
7646,16
7647,11
7648,28
7649,28
7650,25
7651,28
7652,30
7653,31
7654,28
7655,22
7656,19
7657,45
7658,14
7659,33
7660,47
7661,5
7662,22
7663,28
7664,34
7665,28
7666,35
7667,28
7668,27
7669,28
7670,44
7671,31
7672,48
7673,28
7674,34
7675,42
7676,44
7677,28
7678,44
7679,28
7680,28
7681,44
7682,44
7683,28
7684,28
7685,0
7686,13
7687,28
7688,33
7689,8
7690,12
7691,22
7692,31
7693,31
7694,36
7695,28
7696,43
7697,48
7698,44
7699,28
7700,37
7701,28
7702,28
7703,50
7704,42
7705,38
7706,13
7707,22
7708,28
7709,42
7710,48
7711,31
7712,28
7713,24
7714,34
7715,28
7716,44
7717,32
7718,31
7719,28
7720,28
7721,39
7722,21
7723,50
7724,28
7725,33
7726,31
7727,28
7728,22
7729,0
7730,44
7731,13
7732,14
7733,0
7734,27
7735,36
7736,32
7737,23
7738,12
7739,44
7740,32
7741,45
7742,31
7743,44
7744,21
7745,4
7746,42
7747,14
7748,28
7749,28
7750,34
7751,28
7752,28
7753,32
7754,44
7755,11
7756,28
7757,8
7758,13
7759,31
7760,28
7761,31
7762,11
7763,31
7764,48
7765,31
7766,32
7767,28
7768,28
7769,0
7770,44
7771,25
7772,21
7773,0
7774,24
7775,28
7776,38
7777,28
7778,43
7779,28
7780,41
7781,34
7782,47
7783,42
7784,21
7785,31
7786,11
7787,28
7788,28
7789,43
7790,48
7791,46
7792,31
7793,28
7794,44
7795,28
7796,21
7797,23
7798,28
7799,14
7800,12
7801,31
7802,44
7803,31
7804,31
7805,31
7806,44
7807,2
7808,23
7809,28
7810,32
7811,34
7812,5
7813,34
7814,42
7815,32
7816,10
7817,22
7818,34
7819,44
7820,48
7821,44
7822,31
7823,38
7824,0
7825,11
7826,42
7827,40
7828,23
7829,32
7830,38
7831,48
7832,28
7833,31
7834,33
7835,34
7836,34
7837,48
7838,28
7839,26
7840,28
7841,39
7842,11
7843,31
7844,28
7845,11
7846,48
7847,44
7848,28
7849,28
7850,33
7851,22
7852,48
7853,28
7854,41
7855,23
7856,28
7857,43
7858,43
7859,22
7860,44
7861,42
7862,28
7863,1
7864,28
7865,22
7866,28
7867,31
7868,32
7869,22
7870,37
7871,34
7872,34
7873,8
7874,5
7875,28
7876,44
7877,48
7878,28
7879,33
7880,44
7881,22
7882,0
7883,44
7884,28
7885,11
7886,34
7887,28
7888,8
7889,28
7890,8
7891,29
7892,28
7893,34
7894,28
7895,34
7896,28
7897,47
7898,14
7899,28
7900,31
7901,28
7902,43
7903,34
7904,11
7905,33
7906,14
7907,22
7908,13
7909,34
7910,28
7911,0
7912,31
7913,13
7914,28
7915,33
7916,28
7917,44
7918,28
7919,27
7920,31
7921,28
7922,24
7923,5
7924,22
7925,34
7926,4
7927,34
7928,44
7929,28
7930,28
7931,28
7932,22
7933,28
7934,28
7935,42
7936,28
7937,31
7938,28
7939,44
7940,42
7941,28
7942,34
7943,28
7944,40
7945,48
7946,42
7947,44
7948,28
7949,31
7950,28
7951,44
7952,47
7953,11
7954,31
7955,31
7956,11
7957,33
7958,21
7959,44
7960,14
7961,22
7962,22
7963,44
7964,11
7965,31
7966,37
7967,24
7968,28
7969,22
7970,34
7971,28
7972,22
7973,44
7974,28
7975,8
7976,5
7977,28
7978,42
7979,11
7980,28
7981,34
7982,28
7983,32
7984,28
7985,28
7986,28
7987,8
7988,5
7989,42
7990,31
7991,43
7992,28
7993,31
7994,0
7995,48
7996,21
7997,34
7998,23
7999,4
8000,21
8001,44
8002,33
8003,28
8004,28
8005,14
8006,0
8007,31
8008,22
8009,48
8010,32
8011,22
8012,30
8013,22
8014,25
8015,44
8016,31
8017,29
8018,44
8019,22
8020,28
8021,28
8022,28
8023,41
8024,48
8025,42
8026,14
8027,22
